order_id,customer_id,product_id,quantity,order_date,total_gbp
O000001,C0183,P0057,1,2025-01-27,7.78
O000002,C0188,P0098,1,2023-12-06,21.73
O000003,C0125,P0123,4,2024-07-18,65.92
O000004,C0138,P0008,1,2023-07-21,65.34
O000005,C0005,P0184,2,2025-05-19,135.9
O000006,C0197,P0007,2,2023-12-18,13.6
O000007,C0199,P0160,4,2023-06-02,176.32
O000008,C0075,P0096,2,2023-05-18,50.84
O000009,C0003,P0127,2,2024-11-09,112.22
O000010,C0145,P0131,1,2025-08-29,21.21
O000011,C0124,P0010,2,2025-08-19,83.88
O000012,C0068,P0163,1,2024-01-14,35.12
O000013,C0117,P0058,2,2025-06-21,23.08
O000014,C0071,P0074,2,2025-05-04,111.4
O000015,C0168,P0155,4,2024-01-23,529.28
O000016,C0065,P0114,2,2024-01-21,109.06
O000017,C0089,P0098,1,2024-05-13,21.73
O000018,C0036,P0165,1,2023-12-07,7.84
O000019,C0184,P0136,1,2023-12-26,16.71
O000020,C0123,P0087,1,2023-12-01,44.24
O000021,C0042,P0198,2,2023-05-18,146.44
O000022,C0043,P0092,2,2023-09-22,84.94
O000023,C0145,P0170,2,2024-10-14,63.62
O000024,C0124,P0097,4,2024-11-26,108.76
O000025,C0169,P0055,1,2024-06-07,32.33
O000026,C0153,P0082,1,2024-12-05,34.29
O000027,C0130,P0004,1,2024-12-01,32.39
O000028,C0158,P0189,1,2024-09-06,27.63
O000029,C0139,P0074,4,2025-04-27,222.8
O000030,C0136,P0049,3,2024-12-12,86.22
O000031,C0179,P0029,4,2023-12-16,127.72
O000032,C0154,P0021,1,2025-06-16,
O000033,C0002,P0144,2,2024-08-14,31.48
O000034,C0177,P0169,1,2025-04-03,6.25
O000035,C0150,P0017,2,2023-09-17,31.76
O000036,C0071,P0084,2,2024-11-27,13.94
O000037,C0124,P0124,1,2023-07-03,8.5
O000038,C0148,P0055,1,2023-12-19,32.33
O000039,C0169,P0126,3,2023-05-02,65.13
O000040,C0026,P0056,4,2023-08-08,325.92
O000041,C0179,P0002,3,2024-12-01,
O000042,,P0193,2,2023-04-04,148.4
O000043,C0017,P0000,2,2023-11-24,36.64
O000044,C0134,P0060,4,2023-10-21,67.24
O000045,C0164,P0120,3,2024-05-21,84.75
O000046,C0133,P0098,1,2023-10-20,21.73
O000047,C0168,P0008,1,2023-01-01,65.34
O000048,C0091,P0094,2,2024-11-16,59.44
O000049,,P0075,2,2023-12-24,83.62
O000050,C0071,P0063,2,2023-08-20,115.88
O000051,C0067,P0080,1,2023-06-29,8.69
O000052,C0088,P0108,2,2025-08-27,94.52
O000053,C0114,P0037,1,2025-09-16,15.9
O000054,C0199,P0175,4,2024-04-14,144.32
O000055,,P0023,4,2023-04-30,61.48
O000056,C0174,P0078,1,2024-12-12,
O000057,C0068,P0129,3,2023-09-12,15.63
O000058,C0020,P0113,1,2024-07-21,84.65
O000059,C0147,P0138,1,2023-10-03,41.42
O000060,C0068,P0033,1,2023-12-05,7.02
O000061,C0174,P0071,4,2025-09-05,197.52
O000062,C0011,P0012,2,2025-05-18,220.22
O000063,C0148,P0036,4,2025-06-08,218.28
O000064,C0072,P0028,2,2024-02-12,53.32
O000065,C0139,P0121,3,2023-02-03,163.26
O000066,C0118,P0085,1,2025-09-26,16.17
O000067,C0098,P0080,1,2024-12-06,8.69
O000068,C0157,P0111,1,2023-12-18,15.26
O000069,C0193,P0191,2,2024-01-17,15.86
O000070,C0034,P0094,1,2025-09-29,29.72
O000071,C0061,P0027,1,2024-07-22,11.68
O000072,C0190,P0063,2,2050-01-01,115.88
O000073,C0162,P0128,2,2024-06-13,128.28
O000074,C0144,P0169,3,2025-05-29,18.75
O000075,C0056,P0179,1,2025-04-13,87.81
O000076,C0086,P0051,4,2023-09-24,439.12
O000077,C0006,P0020,3,2024-02-26,45.99
O000078,C0200,P0133,2,2023-10-19,17.66
O000079,C0115,P0016,1,2025-06-29,11.08
O000080,C0164,P0057,2,2025-04-07,15.56
O000081,C0019,P0185,3,2023-12-11,41.85
O000082,C0166,P0028,4,2024-02-09,106.64
O000083,C0192,P0068,1,2024-08-24,53.61
O000084,C0006,P0148,3,2023-05-09,77.88
O000085,C0021,P0035,2,2023-11-03,212.24
O000086,C0007,P0105,1,2025-02-28,76.44
O000087,C0159,P0156,1,2024-12-08,13.31
O000088,C0033,P0113,1,2023-05-15,84.65
O000089,C0084,P0162,2,2025-06-03,70.04
O000090,C0141,P0160,3,2024-03-31,132.24
O000091,C0145,P0018,1,2024-03-21,27.32
O000092,C0124,P0165,1,2023-12-10,7.84
O000093,C0003,P0068,1,2023-01-01,53.61
O000094,C0121,P0075,2,2050-01-01,83.62
O000095,C0153,P0027,1,2023-08-25,11.68
O000096,C0144,P0068,3,2024-03-23,160.83
O000097,C0097,P0104,1,2023-08-14,26.31
O000098,C0157,P0107,3,2025-04-06,62.55
O000099,C0069,P0139,3,2023-11-05,55.68
O000100,C0116,P0162,1,2023-10-06,35.02
O000101,,P0130,1,2023-02-20,26.45
O000102,C0033,P0082,1,2050-01-01,34.29
O000103,C0127,P0193,4,2023-08-11,296.8
O000104,C0096,P0031,1,2024-04-19,33.06
O000105,C0038,P0040,2,2023-02-27,44.8
O000106,C0050,P0041,4,2025-07-06,35.6
O000107,,P0197,4,2025-09-24,175.32
O000108,C0064,P0185,3,2025-01-25,41.85
O000109,C0134,P0034,3,2024-11-12,282.63
O000110,C0083,P0008,2,2023-06-12,130.68
O000111,C0065,P0175,1,2024-05-07,36.08
O000112,C0056,P0121,4,2025-09-23,217.68
O000113,C0031,P0069,1,2050-01-01,7.32
O000114,C0177,P0067,4,2024-05-01,38.24
O000115,C0041,P0009,1,2024-05-26,32.57
O000116,C0040,P0156,2,2024-12-19,26.62
O000117,C0143,P0045,2,2025-03-18,27.96
O000118,C0006,P0126,1,2024-12-06,21.71
O000119,C0125,P0022,3,2024-12-24,28.53
O000120,C0146,P0044,2,2023-07-11,154.02
O000121,C0154,P0148,2,2025-07-25,51.92
O000122,C0076,P0199,1,2025-04-19,70.43
O000123,C0130,P0080,2,2024-01-24,17.38
O000124,C0199,P0069,4,2024-09-27,29.28
O000125,C0135,P0127,2,2024-11-30,112.22
O000126,C0105,P0066,3,2024-10-18,85.41
O000127,C0034,P0178,2,2023-07-02,39.34
O000128,C0009,P0192,2,2024-08-07,146.5
O000129,C0180,P0064,2,2024-08-27,36.48
O000130,C0004,P0048,4,2025-08-10,108.08
O000131,C0164,P0131,2,2023-03-04,42.42
O000132,C0182,P0146,1,2023-03-01,6.13
O000133,C0078,P0174,1,2023-03-21,12.7
O000134,C0060,P0044,3,2024-06-28,231.03
O000135,C0161,P0028,3,2025-08-28,79.98
O000136,C0173,P0167,1,2024-04-14,16.6
O000137,C0047,P0197,1,2024-07-17,43.83
O000138,C0154,P0185,2,2024-03-29,27.9
O000139,C0084,P0192,2,2025-05-15,146.5
O000140,C0083,P0044,3,2024-09-15,231.03
O000141,C0116,P0184,1,2050-01-01,67.95
O000142,C0153,P0022,1,2023-01-17,9.51
O000143,,P0127,3,2024-11-25,168.33
O000144,C0142,P0105,1,2024-06-07,76.44
O000145,C0118,P0194,1,2024-12-19,35.08
O000146,C0024,P0100,3,2024-08-07,25.29
O000147,C0084,P0185,3,2025-03-22,41.85
O000148,C0025,P0118,4,2024-09-01,44.76
O000149,C0021,P0166,4,2024-12-27,236.44
O000150,C0198,P0171,1,2023-08-21,38.96
O000151,C0162,P0038,1,2024-01-27,8.08
O000152,C0179,P0039,2,2023-08-15,79.16
O000153,C0057,P0132,1,2024-03-18,12.54
O000154,C0122,P0073,1,2024-08-08,5.17
O000155,C0129,P0030,1,2024-03-20,6.43
O000156,C0051,P0003,2,2024-05-14,89.0
O000157,C0189,P0149,3,2023-12-25,
O000158,C0023,P0105,1,2023-04-26,76.44
O000159,C0089,P0151,1,2024-08-31,76.67
O000160,C0158,P0011,1,2025-04-21,5.62
O000161,C0060,P0057,3,2023-07-24,23.34
O000162,C0029,P0065,1,2025-01-27,14.89
O000163,,P0124,2,2024-12-11,17.0
O000164,,P0030,2,2023-08-03,12.86
O000165,C0067,P0003,1,2024-07-15,44.5
O000166,C0172,P0060,2,2023-01-19,33.62
O000167,C0044,P0100,2,2023-03-03,16.86
O000168,C0120,P0074,3,2024-11-01,167.1
O000169,C0169,P0064,4,2024-01-04,72.96
O000170,C0099,P0154,3,2023-08-25,75.51
O000171,C0081,P0144,1,2024-05-11,15.74
O000172,C0118,P0034,1,2024-07-28,94.21
O000173,C0079,P0055,1,2023-12-08,32.33
O000174,C0091,P0024,2,2023-12-30,37.38
O000175,C0016,P0138,4,2024-10-02,165.68
O000176,C0143,P0154,2,2025-08-29,50.34
O000177,C0023,P0032,2,2025-01-17,21.22
O000178,C0176,P0021,2,2023-08-21,
O000179,C0155,P0121,3,2023-12-04,163.26
O000180,C0139,P0033,1,2024-12-01,7.02
O000181,C0135,P0072,2,2023-11-11,23.3
O000182,C0031,P0067,3,2023-07-08,28.68
O000183,,P0184,2,2023-11-23,135.9
O000184,C0191,P0071,3,2025-08-14,148.14
O000185,C0200,P0059,2,2023-11-25,12.78
O000186,C0146,P0139,1,2023-11-22,18.56
O000187,C0123,P0149,3,2023-05-18,
O000188,C0048,P0123,1,2025-05-22,16.48
O000189,C0009,P0098,1,2024-02-23,21.73
O000190,C0057,P0114,1,2025-01-30,54.53
O000191,C0113,P0190,4,2025-06-06,53.24
O000192,C0064,P0176,3,2024-03-13,32.25
O000193,C0185,P0017,2,2023-11-17,31.76
O000194,C0135,P0085,2,2024-10-18,32.34
O000195,C0117,P0110,1,2025-04-26,7.4
O000196,C0102,P0183,2,2025-10-04,165.18
O000197,C0013,P0026,1,2023-07-14,51.14
O000198,C0074,P0095,1,2024-11-23,49.22
O000199,C0166,P0127,3,2024-04-07,168.33
O000200,C0101,P0182,2,2024-02-28,17.22
O000201,C0183,P0198,3,2024-11-09,219.66
O000202,C0042,P0001,3,2025-01-05,57.24
O000203,C0093,P0004,4,2023-03-29,129.56
O000204,C0157,P0002,1,2025-08-30,
O000205,C0169,P0097,2,2023-11-25,54.38
O000206,C0187,P0060,1,2025-02-26,16.81
O000207,C0034,P0078,4,2025-09-10,
O000208,C0002,P0070,2,2024-09-14,270.04
O000209,C0117,P0160,1,2024-02-24,44.08
O000210,C0141,P0012,4,2023-10-12,440.44
O000211,C0048,P0170,3,2024-11-05,95.43
O000212,C0155,P0033,1,2023-11-02,7.02
O000213,C0046,P0052,3,2023-06-15,149.31
O000214,C0147,P0115,3,2025-03-17,105.3
O000215,C0010,P0118,2,2023-04-06,22.38
O000216,C0195,P0034,2,2024-03-13,188.42
O000217,C0178,P0196,2,2025-05-30,35.78
O000218,C0054,P0089,2,2024-09-18,140.94
O000219,C0181,P0025,1,2023-10-22,23.27
O000220,C0160,P0073,2,2023-12-29,10.34
O000221,C0162,P0037,2,2024-05-24,31.8
O000222,C0075,P0145,1,2023-11-15,
O000223,C0054,P0193,1,2025-03-29,74.2
O000224,C0144,P0109,1,2025-04-05,12.79
O000225,C0066,P0106,3,2050-01-01,40.8
O000226,C0102,P0116,4,2025-01-11,266.2
O000227,C0085,P0101,2,2025-05-03,11.92
O000228,C0166,P0121,4,2023-05-20,217.68
O000229,C0086,P0194,3,2024-04-18,105.24
O000230,C0134,P0167,2,2023-11-03,33.2
O000231,C0054,P0032,4,2024-08-14,42.44
O000232,C0039,P0156,2,2023-10-15,26.62
O000233,C0043,P0108,1,2024-08-07,47.26
O000234,C0193,P0020,1,2023-11-12,15.33
O000235,C0023,P0198,4,2024-05-23,292.88
O000236,C0056,P0083,4,2024-06-21,68.2
O000237,C0052,P0193,2,2025-07-24,148.4
O000238,C0088,P0038,1,2025-08-03,8.08
O000239,C0037,P0054,2,2025-02-26,145.12
O000240,C0034,P0175,3,2023-07-30,108.24
O000241,C0030,P0101,4,2023-01-05,23.84
O000242,C0023,P0108,2,2023-12-08,94.52
O000243,C0191,P0031,1,2024-11-11,33.06
O000244,C0082,P0165,1,2025-03-02,7.84
O000245,C0030,P0149,1,2023-01-16,
O000246,C0090,P0076,3,2024-07-16,132.51
O000247,C0147,P0040,1,2024-12-18,22.4
O000248,,P0182,1,2025-07-13,8.61
O000249,C0101,P0133,3,2023-07-03,26.49
O000250,C0180,P0058,4,2024-04-01,46.16
O000251,C0195,P0143,4,2024-11-17,102.52
O000252,C0146,P0142,3,2023-05-15,41.1
O000253,C0197,P0155,1,2024-04-21,132.32
O000254,C0158,P0006,3,2023-09-22,30.27
O000255,C0085,P0019,2,2025-03-18,43.94
O000256,C0122,P0022,1,2023-04-26,9.51
O000257,C0090,P0088,2,2024-09-10,
O000258,C0028,P0022,1,2023-11-30,9.51
O000259,C0103,P0189,2,2024-08-27,55.26
O000260,C0124,P0077,2,2023-12-26,98.52
O000261,C0140,P0096,2,2024-12-11,50.84
O000262,C0030,P0107,1,2024-08-29,20.85
O000263,C0046,P0102,1,2023-11-12,35.35
O000264,C0153,P0101,3,2025-02-28,17.88
O000265,C0024,P0076,4,2023-08-11,176.68
O000266,C0001,P0009,2,2023-12-18,65.14
O000267,C0051,P0193,2,2023-07-30,148.4
O000268,C0174,P0065,3,2023-11-08,44.67
O000269,C0089,P0011,2,2023-04-02,11.24
O000270,C0033,P0165,2,2025-05-22,15.68
O000271,C0001,P0097,1,2024-12-21,27.19
O000272,C0008,P0143,3,2023-08-29,76.89
O000273,C0098,P0108,3,2024-02-20,141.78
O000274,C0036,P0083,1,2023-07-12,17.05
O000275,C0040,P0177,1,2023-10-23,40.23
O000276,,P0190,1,2024-10-25,13.31
O000277,C0165,P0033,4,2025-04-05,28.08
O000278,C0109,P0119,2,2024-09-30,143.84
O000279,C0048,P0017,4,2024-03-10,63.52
O000280,C0183,P0091,2,2024-05-28,17.64
O000281,C0010,P0106,2,2024-08-04,27.2
O000282,C0177,P0036,2,2023-03-23,109.14
O000283,C0023,P0140,3,2023-09-09,336.09
O000284,C0163,P0006,1,2024-07-06,10.09
O000285,C0137,P0095,2,2024-12-19,98.44
O000286,C0076,P0116,1,2023-10-24,66.55
O000287,C0122,P0173,1,2023-12-26,26.53
O000288,C0022,P0066,1,2023-05-10,28.47
O000289,C0158,P0071,3,2023-10-15,148.14
O000290,C0045,P0093,2,2025-07-20,95.82
O000291,C0045,P0029,1,2023-09-25,31.93
O000292,C0009,P0031,2,2023-12-18,66.12
O000293,C0040,P0081,4,2025-05-07,258.64
O000294,C0170,P0173,2,2024-03-26,53.06
O000295,C0089,P0062,1,2023-02-25,14.5
O000296,C0119,P0155,4,2024-02-13,529.28
O000297,C0060,P0165,1,2024-01-24,7.84
O000298,C0112,P0200,2,2023-01-13,100.82
O000299,C0136,P0196,2,2024-11-30,35.78
O000300,C0111,P0185,1,2024-09-17,13.95
O000301,C0026,P0188,4,2023-09-19,117.2
O000302,C0062,P0168,2,2025-01-21,22.38
O000303,C0177,P0023,1,2023-07-04,15.37
O000304,C0004,P0012,1,2023-12-12,110.11
O000305,C0009,P0169,2,2023-01-25,12.5
O000306,C0056,P0098,1,2025-08-31,21.73
O000307,C0155,P0028,3,2023-05-14,79.98
O000308,C0048,P0191,1,2023-12-10,7.93
O000309,C0071,P0156,4,2025-02-26,53.24
O000310,C0066,P0023,1,2023-06-15,15.37
O000311,C0086,P0154,1,2023-03-03,25.17
O000312,C0126,P0153,1,2025-09-29,9.7
O000313,C0028,P0028,2,2023-05-28,53.32
O000314,C0114,P0186,1,2025-01-02,37.36
O000315,C0065,P0194,1,2025-03-06,35.08
O000316,C0001,P0047,2,2024-12-05,32.42
O000317,C0132,P0053,2,2024-12-25,178.3
O000318,C0187,P0017,1,2025-03-10,15.88
O000319,,P0024,1,2025-09-04,18.69
O000320,C0092,P0039,3,2023-12-08,118.74
O000321,C0166,P0130,1,2023-04-03,26.45
O000322,C0118,P0030,1,2025-02-17,6.43
O000323,C0099,P0102,1,2024-11-07,35.35
O000324,C0162,P0142,1,2024-03-24,13.7
O000325,,P0045,1,2024-11-26,13.98
O000326,C0116,P0170,1,2025-09-16,31.81
O000327,C0185,P0182,3,2023-02-13,25.83
O000328,C0118,P0077,1,2025-08-20,49.26
O000329,C0060,P0164,2,2025-08-05,56.04
O000330,C0159,P0171,1,2023-02-16,38.96
O000331,C0025,P0054,1,2024-04-12,72.56
O000332,C0028,P0075,1,2023-04-27,41.81
O000333,C0052,P0027,3,2024-03-12,35.04
O000334,C0084,P0037,1,2023-05-04,15.9
O000335,C0055,P0053,1,2023-12-03,89.15
O000336,C0044,P0047,1,2024-12-14,16.21
O000337,C0011,P0146,2,2023-05-17,12.26
O000338,C0002,P0165,2,2023-07-03,15.68
O000339,C0107,P0019,3,2024-12-11,65.91
O000340,C0037,P0144,1,2024-10-17,15.74
O000341,C0157,P0005,3,2023-12-20,30.27
O000342,C0078,P0083,1,2023-12-23,17.05
O000343,C0136,P0026,3,2024-11-15,153.42
O000344,C0014,P0057,3,2023-12-16,23.34
O000345,C0014,P0055,1,2024-10-22,32.33
O000346,C0195,P0131,4,2024-04-09,84.84
O000347,,P0008,2,2023-12-19,130.68
O000348,C0174,P0200,1,2025-07-08,50.41
O000349,C0061,P0006,1,2025-01-25,10.09
O000350,C0150,P0079,2,2024-11-07,36.64
O000351,C0096,P0097,1,2023-05-20,27.19
O000352,C0052,P0050,4,2023-12-10,44.52
O000353,C0108,P0020,1,2023-06-25,15.33
O000354,C0164,P0000,2,2025-09-02,36.64
O000355,C0023,P0157,1,2024-02-26,38.45
O000356,C0119,P0137,2,2024-11-08,53.88
O000357,C0152,P0157,1,2025-08-26,38.45
O000358,C0188,P0114,2,2025-02-26,109.06
O000359,C0179,P0143,1,2024-11-03,25.63
O000360,C0105,P0070,1,2024-12-08,135.02
O000361,,P0181,4,2024-11-16,70.04
O000362,C0150,P0056,1,2023-01-25,81.48
O000363,C0104,P0100,2,2023-07-09,16.86
O000364,C0001,P0048,3,2025-05-31,81.06
O000365,C0009,P0069,2,2023-10-31,14.64
O000366,C0054,P0020,1,2025-03-17,15.33
O000367,C0015,P0019,1,2024-06-11,21.97
O000368,C0094,P0072,1,2024-04-21,11.65
O000369,C0181,P0185,1,2023-03-10,13.95
O000370,C0062,P0129,1,2024-11-25,5.21
O000371,C0069,P0055,1,2024-05-30,32.33
O000372,C0116,P0076,2,2024-05-12,88.34
O000373,C0174,P0066,2,2025-04-25,56.94
O000374,C0173,P0131,1,2025-08-26,21.21
O000375,C0118,P0060,1,2023-12-03,16.81
O000376,C0038,P0107,3,2023-11-10,62.55
O000377,C0034,P0119,3,2024-04-30,215.76
O000378,,P0101,3,2023-12-14,17.88
O000379,C0084,P0024,4,2024-05-12,74.76
O000380,C0118,P0017,1,2023-11-08,15.88
O000381,C0067,P0152,4,2023-08-21,52.88
O000382,C0038,P0130,2,2023-12-28,52.9
O000383,C0183,P0067,4,2024-07-02,38.24
O000384,C0171,P0051,2,2023-11-02,219.56
O000385,C0067,P0128,1,2024-01-14,64.14
O000386,C0115,P0034,1,2024-07-06,94.21
O000387,C0104,P0070,2,2025-08-11,270.04
O000388,C0040,P0143,2,2023-01-05,51.26
O000389,C0181,P0005,4,2023-10-30,40.36
O000390,C0147,P0030,3,2024-11-13,19.29
O000391,C0011,P0098,1,2023-05-23,21.73
O000392,C0057,P0045,2,2024-04-01,27.96
O000393,C0150,P0102,4,2024-11-01,141.4
O000394,C0172,P0108,2,2025-09-07,94.52
O000395,C0015,P0019,3,2025-07-19,65.91
O000396,C0095,P0120,1,2024-01-31,28.25
O000397,C0115,P0040,2,2025-06-14,44.8
O000398,C0107,P0134,3,2025-04-02,52.08
O000399,C0109,P0025,2,2025-01-16,46.54
O000400,C0037,P0140,2,2023-08-01,224.06
O000401,C0017,P0016,1,2025-08-13,11.08
O000402,,P0010,2,2024-10-16,83.88
O000403,C0146,P0127,4,2025-02-12,224.44
O000404,C0142,P0124,2,2024-12-16,17.0
O000405,C0001,P0029,4,2023-06-07,127.72
O000406,C0032,P0166,1,2024-10-31,59.11
O000407,C0177,P0199,1,2023-12-16,70.43
O000408,C0093,P0003,1,2024-08-18,44.5
O000409,C0122,P0082,2,2025-09-24,68.58
O000410,C0005,P0062,1,2025-05-15,14.5
O000411,C0178,P0021,1,2023-05-19,
O000412,C0092,P0127,1,2023-02-19,56.11
O000413,C0197,P0092,1,2023-11-18,42.47
O000414,C0176,P0105,3,2025-03-30,229.32
O000415,C0137,P0053,1,2024-08-16,89.15
O000416,C0096,P0106,1,2025-03-08,13.6
O000417,C0040,P0053,1,2023-11-14,89.15
O000418,C0034,P0014,4,2024-12-23,48.64
O000419,C0153,P0047,3,2024-06-19,48.63
O000420,C0191,P0058,1,2023-11-23,11.54
O000421,C0021,P0090,1,2024-03-11,24.17
O000422,,P0048,1,2024-05-10,27.02
O000423,C0169,P0082,1,2024-06-09,34.29
O000424,C0078,P0027,1,2023-11-20,11.68
O000425,C0090,P0167,1,2023-01-30,16.6
O000426,C0200,P0005,1,2025-01-16,10.09
O000427,C0149,P0072,4,2023-11-10,46.6
O000428,C0186,P0026,4,2023-04-12,204.56
O000429,C0094,P0075,1,2024-12-15,41.81
O000430,C0091,P0015,1,2025-10-01,11.02
O000431,C0195,P0162,2,2025-10-05,70.04
O000432,C0196,P0171,1,2024-01-05,38.96
O000433,C0127,P0097,3,2023-04-29,81.57
O000434,C0114,P0082,4,2023-08-20,137.16
O000435,C0018,P0200,3,2025-07-05,151.23
O000436,C0004,P0191,2,2024-11-21,15.86
O000437,C0174,P0049,1,2024-12-23,28.74
O000438,C0044,P0006,1,2023-03-08,10.09
O000439,C0104,P0032,4,2024-12-09,42.44
O000440,C0070,P0113,2,2025-02-13,169.3
O000441,C0171,P0167,2,2024-09-09,33.2
O000442,C0197,P0055,1,2024-12-16,32.33
O000443,,P0186,1,2023-12-22,37.36
O000444,C0174,P0052,4,2023-12-01,199.08
O000445,C0127,P0186,2,2025-03-22,74.72
O000446,C0067,P0092,2,2024-07-09,84.94
O000447,,P0155,4,2024-11-13,529.28
O000448,C0118,P0069,2,2023-02-06,14.64
O000449,C0184,P0064,3,2024-02-03,54.72
O000450,C0142,P0163,2,2024-12-02,70.24
O000451,C0130,P0152,2,2023-02-27,26.44
O000452,C0091,P0054,1,2025-02-23,72.56
O000453,C0033,P0130,2,2025-05-07,52.9
O000454,,P0131,2,2025-07-01,42.42
O000455,C0092,P0007,1,2024-02-26,6.8
O000456,C0080,P0127,1,2024-08-29,56.11
O000457,C0138,P0127,2,2023-11-30,112.22
O000458,C0179,P0092,2,2024-04-25,84.94
O000459,C0083,P0161,1,2024-11-23,18.76
O000460,C0196,P0096,1,2024-11-14,25.42
O000461,C0052,P0023,1,2024-05-23,15.37
O000462,C0138,P0194,2,2023-08-08,70.16
O000463,C0058,P0163,4,2024-10-01,140.48
O000464,C0152,P0096,2,2023-12-11,50.84
O000465,C0054,P0062,1,2023-12-22,14.5
O000466,C0077,P0138,2,2024-03-19,82.84
O000467,C0160,P0008,1,2024-06-11,65.34
O000468,C0161,P0072,2,2024-12-21,23.3
O000469,C0191,P0135,2,2025-08-18,181.78
O000470,C0197,P0121,3,2025-07-17,163.26
O000471,C0052,P0020,3,2024-01-09,45.99
O000472,C0077,P0118,4,2025-05-14,44.76
O000473,C0163,P0100,1,2023-07-28,8.43
O000474,C0066,P0060,1,2024-12-04,16.81
O000475,C0008,P0165,2,2023-09-09,15.68
O000476,C0112,P0161,1,2024-03-08,18.76
O000477,C0008,P0050,2,2023-09-22,22.26
O000478,C0011,P0189,1,2025-09-13,27.63
O000479,C0022,P0157,2,2023-11-18,76.9
O000480,C0172,P0174,4,2024-11-04,50.8
O000481,C0036,P0059,2,2023-08-30,12.78
O000482,C0135,P0074,2,2023-09-15,111.4
O000483,C0081,P0039,4,2023-12-04,158.32
O000484,C0061,P0147,1,2025-08-15,33.21
O000485,C0071,P0088,1,2024-03-26,
O000486,C0096,P0121,2,2024-12-17,108.84
O000487,C0064,P0179,1,2025-09-13,87.81
O000488,C0184,P0005,2,2024-01-12,20.18
O000489,C0190,P0181,4,2024-11-09,70.04
O000490,C0065,P0081,3,2024-07-19,193.98
O000491,C0176,P0158,2,2023-05-05,
O000492,C0101,P0136,1,2025-08-07,16.71
O000493,C0194,P0028,1,2023-08-30,26.66
O000494,C0162,P0002,2,2023-11-21,
O000495,C0071,P0194,4,2024-12-24,140.32
O000496,C0109,P0193,1,2025-06-16,74.2
O000497,C0130,P0014,4,2023-03-09,48.64
O000498,C0084,P0039,3,2024-04-09,118.74
O000499,C0162,P0095,2,2024-03-30,98.44
O000500,C0079,P0049,1,2023-11-18,28.74
O000501,C0197,P0037,2,2025-04-30,31.8
O000502,C0082,P0160,1,2024-04-07,44.08
O000503,C0152,P0123,1,2025-04-26,16.48
O000504,C0047,P0015,2,2024-02-07,22.04
O000505,C0006,P0033,1,2025-08-03,7.02
O000506,C0119,P0018,1,2023-07-23,27.32
O000507,C0110,P0183,1,2024-09-06,82.59
O000508,C0146,P0144,2,2023-05-01,31.48
O000509,C0127,P0134,1,2023-11-28,17.36
O000510,C0127,P0138,3,2023-11-27,124.26
O000511,C0047,P0150,1,2024-02-23,14.8
O000512,C0116,P0020,1,2025-07-18,15.33
O000513,C0178,P0088,3,2024-02-12,
O000514,C0153,P0113,1,2023-09-20,84.65
O000515,C0091,P0126,2,2024-09-12,43.42
O000516,C0012,P0170,1,2023-01-06,31.81
O000517,C0172,P0016,1,2024-01-15,11.08
O000518,C0087,P0053,3,2025-06-17,267.45
O000519,C0037,P0037,4,2023-11-16,63.6
O000520,C0093,P0069,1,2025-08-06,7.32
O000521,C0195,P0167,1,2025-08-06,16.6
O000522,C0126,P0018,3,2025-02-21,81.96
O000523,C0113,P0104,1,2023-11-06,26.31
O000524,C0120,P0027,3,2024-11-15,35.04
O000525,C0118,P0143,1,2024-05-19,25.63
O000526,C0047,P0066,2,2025-05-04,56.94
O000527,C0002,P0163,1,2024-06-22,35.12
O000528,C0128,P0088,3,2024-11-10,
O000529,C0096,P0054,1,2024-08-27,72.56
O000530,C0021,P0089,2,2024-04-16,140.94
O000531,C0069,P0161,1,2024-08-31,18.76
O000532,C0116,P0096,4,2023-11-29,101.68
O000533,C0055,P0113,3,2025-06-02,253.95
O000534,C0155,P0127,4,2024-11-08,224.44
O000535,C0006,P0036,3,2024-12-10,163.71
O000536,C0077,P0188,1,2024-05-17,29.3
O000537,C0155,P0110,1,2023-05-15,7.4
O000538,C0126,P0008,2,2024-04-01,130.68
O000539,C0024,P0033,1,2025-02-13,7.02
O000540,C0110,P0154,3,2024-12-22,75.51
O000541,C0127,P0057,1,2024-06-23,7.78
O000542,C0021,P0048,1,2025-07-17,27.02
O000543,C0077,P0121,1,2024-12-19,54.42
O000544,C0132,P0068,2,2023-04-21,107.22
O000545,C0146,P0167,1,2025-04-12,16.6
O000546,C0005,P0105,4,2023-04-27,305.76
O000547,C0101,P0123,2,2023-02-16,32.96
O000548,C0116,P0003,4,2024-09-30,178.0
O000549,C0055,P0020,2,2023-07-09,30.66
O000550,C0002,P0172,4,2023-12-15,22.0
O000551,C0191,P0128,4,2024-09-08,256.56
O000552,C0093,P0049,2,2024-12-08,57.48
O000553,C0023,P0093,1,2023-11-27,47.91
O000554,C0054,P0168,2,2024-05-07,22.38
O000555,C0138,P0155,1,2024-11-16,132.32
O000556,C0040,P0092,2,2025-01-26,84.94
O000557,,P0127,2,2024-04-05,112.22
O000558,C0101,P0168,4,2023-02-22,44.76
O000559,C0107,P0150,3,2025-05-18,44.4
O000560,C0075,P0064,2,2023-02-07,36.48
O000561,C0174,P0045,3,2025-07-15,41.94
O000562,C0005,P0072,1,2024-03-08,11.65
O000563,C0107,P0019,3,2025-06-29,65.91
O000564,C0179,P0055,1,2024-11-16,32.33
O000565,C0151,P0172,4,2025-07-19,22.0
O000566,C0169,P0125,3,2024-12-14,38.28
O000567,C0093,P0174,1,2025-03-26,12.7
O000568,C0073,P0120,1,2024-12-08,28.25
O000569,C0041,P0175,2,2024-09-12,72.16
O000570,C0054,P0095,1,2023-12-09,49.22
O000571,C0129,P0118,1,2023-02-02,11.19
O000572,C0031,P0172,1,2024-12-26,5.5
O000573,C0143,P0002,4,2023-10-01,
O000574,C0172,P0146,2,2023-04-17,12.26
O000575,C0194,P0119,2,2023-04-24,143.84
O000576,C0027,P0116,1,2025-04-23,66.55
O000577,C0053,P0046,3,2025-07-21,112.77
O000578,C0130,P0157,3,2024-05-25,115.35
O000579,C0036,P0200,2,2023-05-06,100.82
O000580,C0002,P0092,1,2023-09-09,42.47
O000581,C0022,P0162,1,2023-09-30,35.02
O000582,C0063,P0181,4,2023-06-05,70.04
O000583,C0110,P0044,4,2024-02-28,308.04
O000584,C0175,P0137,4,2024-01-06,107.76
O000585,,P0150,1,2025-04-05,14.8
O000586,C0198,P0199,1,2023-06-18,70.43
O000587,C0165,P0009,3,2023-06-04,97.71
O000588,C0170,P0120,2,2025-06-15,56.5
O000589,C0180,P0109,1,2024-07-20,12.79
O000590,C0003,P0087,1,2025-04-26,44.24
O000591,C0115,P0089,4,2024-10-21,281.88
O000592,C0104,P0024,2,2024-11-02,37.38
O000593,C0190,P0089,2,2025-06-19,140.94
O000594,C0088,P0014,4,2025-02-14,48.64
O000595,C0067,P0059,2,2023-09-05,12.78
O000596,C0029,P0133,1,2024-12-21,8.83
O000597,C0167,P0102,1,2024-11-15,35.35
O000598,C0149,P0102,3,2024-08-02,106.05
O000599,C0153,P0001,4,2023-08-28,76.32
O000600,C0147,P0065,2,2024-11-04,29.78
O000601,C0200,P0024,2,2024-01-05,37.38
O000602,C0021,P0132,1,2023-12-07,12.54
O000603,C0104,P0161,4,2024-08-25,75.04
O000604,C0128,P0088,2,2024-10-13,
O000605,C0107,P0063,1,2025-04-23,57.94
O000606,C0132,P0152,2,2025-06-02,26.44
O000607,C0192,P0065,1,2023-06-10,14.89
O000608,C0105,P0115,1,2023-04-23,35.1
O000609,C0096,P0168,1,2023-11-07,11.19
O000610,C0151,P0126,3,2024-12-07,65.13
O000611,C0032,P0002,2,2024-07-14,
O000612,C0080,P0083,2,2024-08-02,34.1
O000613,C0185,P0100,2,2025-05-03,16.86
O000614,C0195,P0037,3,2024-04-05,47.7
O000615,C0160,P0176,2,2024-11-11,21.5
O000616,C0012,P0174,1,2025-09-08,12.7
O000617,C0043,P0153,3,2024-12-25,29.1
O000618,C0050,P0026,1,2025-09-05,51.14
O000619,C0134,P0161,1,2023-07-13,18.76
O000620,C0137,P0039,1,2023-07-04,39.58
O000621,C0181,P0004,4,2025-05-09,129.56
O000622,C0083,P0002,1,2024-02-16,
O000623,C0047,P0183,1,2024-02-29,82.59
O000624,C0139,P0153,4,2023-06-22,38.8
O000625,C0079,P0090,2,2025-09-02,48.34
O000626,C0047,P0104,1,2023-01-28,26.31
O000627,C0106,P0143,4,2025-07-03,102.52
O000628,C0014,P0180,2,2023-07-27,18.88
O000629,C0030,P0169,2,2024-12-03,12.5
O000630,C0005,P0063,1,2023-10-03,57.94
O000631,C0143,P0141,2,2024-10-29,206.92
O000632,C0163,P0114,4,2023-12-18,218.12
O000633,C0109,P0097,1,2025-09-11,27.19
O000634,C0159,P0018,1,2023-10-24,27.32
O000635,C0124,P0189,2,2023-10-07,55.26
O000636,C0162,P0111,1,2023-08-06,15.26
O000637,C0137,P0076,1,2023-12-23,44.17
O000638,C0072,P0089,4,2025-06-18,281.88
O000639,C0175,P0035,4,2025-08-26,424.48
O000640,C0070,P0084,1,2023-09-09,6.97
O000641,C0154,P0190,2,2023-12-03,26.62
O000642,C0003,P0159,1,2024-11-19,13.14
O000643,C0167,P0070,4,2023-12-22,540.08
O000644,C0154,P0007,4,2024-01-02,27.2
O000645,C0003,P0181,2,2023-05-08,35.02
O000646,,P0029,2,2024-12-07,63.86
O000647,C0184,P0144,3,2024-12-02,47.22
O000648,C0054,P0094,2,2023-01-08,59.44
O000649,C0044,P0062,3,2024-07-19,43.5
O000650,C0067,P0137,2,2025-08-13,53.88
O000651,C0071,P0132,3,2023-07-16,37.62
O000652,C0158,P0160,1,2023-09-16,44.08
O000653,C0165,P0045,1,2024-11-20,13.98
O000654,C0105,P0115,4,2023-10-08,140.4
O000655,C0185,P0003,1,2050-01-01,44.5
O000656,C0147,P0144,1,2025-04-07,15.74
O000657,C0051,P0198,3,2023-06-18,219.66
O000658,C0123,P0028,3,2024-03-18,79.98
O000659,C0065,P0194,1,2023-12-27,35.08
O000660,C0061,P0056,2,2025-08-24,162.96
O000661,C0022,P0163,3,2023-12-11,105.36
O000662,C0033,P0114,1,2023-03-05,54.53
O000663,C0111,P0001,2,2023-11-10,38.16
O000664,C0193,P0158,4,2024-02-25,
O000665,C0159,P0173,2,2024-09-26,53.06
O000666,C0027,P0172,4,2023-01-13,22.0
O000667,C0147,P0112,2,2023-05-10,20.54
O000668,C0159,P0073,2,2023-11-02,10.34
O000669,C0167,P0108,2,2025-02-11,94.52
O000670,C0038,P0170,1,2024-04-25,31.81
O000671,C0133,P0030,1,2024-08-23,6.43
O000672,C0144,P0128,1,2024-11-07,64.14
O000673,C0088,P0120,2,2023-07-13,56.5
O000674,C0085,P0080,2,2025-05-22,17.38
O000675,C0085,P0048,3,2023-12-08,81.06
O000676,C0059,P0016,3,2024-04-22,33.24
O000677,C0085,P0182,1,2025-04-06,8.61
O000678,C0002,P0063,1,2024-11-18,57.94
O000679,C0162,P0149,1,2024-08-22,
O000680,C0073,P0176,1,2024-11-11,10.75
O000681,C0006,P0093,1,2023-06-30,47.91
O000682,C0036,P0089,1,2024-01-24,70.47
O000683,C0079,P0168,2,2024-11-17,22.38
O000684,C0183,P0043,3,2023-11-07,18.15
O000685,C0154,P0136,1,2024-03-15,16.71
O000686,C0151,P0077,1,2023-07-13,49.26
O000687,C0014,P0010,4,2024-10-06,167.76
O000688,C0150,P0035,4,2025-06-26,424.48
O000689,C0170,P0148,4,2024-09-21,103.84
O000690,C0128,P0021,1,2024-06-15,
O000691,C0124,P0170,2,2025-01-02,63.62
O000692,C0150,P0097,2,2023-11-15,54.38
O000693,C0109,P0181,4,2025-06-29,70.04
O000694,C0141,P0176,1,2023-12-15,10.75
O000695,C0120,P0002,2,2024-06-08,
O000696,C0095,P0038,1,2025-04-03,8.08
O000697,C0060,P0106,1,2023-09-29,13.6
O000698,C0129,P0175,1,2024-06-09,36.08
O000699,C0026,P0007,1,2023-11-11,6.8
O000700,C0191,P0132,1,2025-04-15,12.54
O000701,C0036,P0122,1,2025-05-25,72.93
O000702,,P0180,2,2023-11-03,18.88
O000703,C0149,P0062,2,2025-02-14,29.0
O000704,C0039,P0104,3,2025-06-05,78.93
O000705,C0060,P0091,2,2024-06-12,17.64
O000706,C0119,P0164,1,2023-12-15,28.02
O000707,C0179,P0171,4,2024-11-12,155.84
O000708,C0189,P0159,1,2023-01-10,13.14
O000709,C0108,P0160,4,2024-03-11,176.32
O000710,C0077,P0175,1,2023-11-30,36.08
O000711,C0040,P0199,3,2025-09-27,211.29
O000712,C0156,P0003,1,2024-08-10,44.5
O000713,C0017,P0094,1,2024-07-01,29.72
O000714,C0116,P0173,1,2024-10-16,26.53
O000715,C0046,P0008,1,2023-02-02,65.34
O000716,C0018,P0112,1,2025-07-22,10.27
O000717,C0135,P0198,1,2023-03-13,73.22
O000718,C0106,P0078,3,2023-11-18,
O000719,C0053,P0148,4,2023-05-14,103.84
O000720,C0122,P0030,2,2023-06-12,12.86
O000721,C0184,P0078,1,2024-12-02,
O000722,C0103,P0058,2,2024-09-11,23.08
O000723,C0118,P0107,1,2024-04-18,20.85
O000724,C0117,P0138,1,2023-12-22,41.42
O000725,C0045,P0188,3,2024-03-01,87.9
O000726,C0146,P0078,1,2023-04-08,
O000727,C0041,P0136,3,2023-10-08,50.13
O000728,C0179,P0048,2,2025-01-13,54.04
O000729,C0196,P0073,4,2024-11-25,20.68
O000730,C0105,P0199,3,2023-11-15,211.29
O000731,C0192,P0155,4,2024-04-17,529.28
O000732,C0010,P0121,1,2023-01-11,54.42
O000733,C0192,P0045,2,2024-04-20,27.96
O000734,C0183,P0043,1,2025-08-30,6.05
O000735,C0044,P0127,3,2023-11-10,168.33
O000736,C0020,P0043,1,2024-11-18,6.05
O000737,C0046,P0054,2,2023-08-10,145.12
O000738,C0179,P0157,3,2023-02-18,115.35
O000739,C0169,P0119,1,2025-07-07,71.92
O000740,C0097,P0081,1,2023-12-08,64.66
O000741,C0004,P0169,1,2023-12-12,6.25
O000742,C0025,P0059,3,2025-03-27,19.17
O000743,C0107,P0153,2,2024-12-18,19.4
O000744,C0139,P0130,1,2024-02-09,26.45
O000745,C0083,P0004,2,2023-06-27,64.78
O000746,C0169,P0040,1,2025-04-14,22.4
O000747,C0056,P0092,1,2024-02-25,42.47
O000748,C0146,P0023,1,2023-06-25,15.37
O000749,C0179,P0053,3,2024-02-02,267.45
O000750,C0045,P0127,4,2024-10-12,224.44
O000751,C0018,P0122,3,2023-12-10,218.79
O000752,C0151,P0015,2,2024-12-22,22.04
O000753,C0032,P0000,1,2024-11-20,18.32
O000754,C0076,P0159,2,2023-11-08,26.28
O000755,C0114,P0001,1,2025-01-26,19.08
O000756,C0195,P0032,3,2023-02-10,31.83
O000757,C0193,P0108,2,2023-01-25,94.52
O000758,C0171,P0183,2,2025-10-09,165.18
O000759,C0114,P0200,1,2024-11-07,50.41
O000760,C0033,P0059,2,2023-04-04,12.78
O000761,C0080,P0059,1,2023-06-18,6.39
O000762,C0078,P0066,1,2023-10-20,28.47
O000763,C0200,P0157,2,2024-12-13,76.9
O000764,C0157,P0040,4,2025-01-22,89.6
O000765,C0196,P0115,1,2024-01-26,35.1
O000766,C0040,P0134,2,2024-07-20,34.72
O000767,C0073,P0163,1,2024-01-20,35.12
O000768,C0121,P0145,3,2023-11-01,
O000769,C0126,P0139,3,2024-02-19,55.68
O000770,C0126,P0068,2,2023-11-12,107.22
O000771,C0032,P0184,4,2024-01-30,271.8
O000772,C0066,P0095,2,2025-02-28,98.44
O000773,C0163,P0117,2,2024-12-06,107.68
O000774,C0189,P0004,1,2023-12-21,32.39
O000775,C0166,P0049,3,2023-06-01,86.22
O000776,C0064,P0014,1,2024-09-08,12.16
O000777,,P0169,1,2025-02-28,6.25
O000778,C0049,P0117,1,2025-06-16,53.84
O000779,C0129,P0098,2,2025-09-17,43.46
O000780,C0106,P0024,1,2025-02-09,18.69
O000781,C0147,P0110,1,2025-03-06,7.4
O000782,C0192,P0054,1,2050-01-01,72.56
O000783,C0001,P0164,1,2023-04-10,28.02
O000784,C0044,P0189,1,2023-06-30,27.63
O000785,C0129,P0068,3,2025-08-29,160.83
O000786,C0195,P0120,2,2023-07-16,56.5
O000787,C0160,P0040,1,2023-04-22,22.4
O000788,C0032,P0017,4,2023-11-16,63.52
O000789,C0016,P0161,2,2050-01-01,37.52
O000790,C0011,P0137,4,2023-12-20,107.76
O000791,C0125,P0195,1,2024-04-29,17.42
O000792,C0088,P0001,3,2023-11-19,57.24
O000793,C0157,P0028,4,2023-02-28,106.64
O000794,C0117,P0089,1,2025-06-10,70.47
O000795,,P0177,3,2023-05-06,120.69
O000796,C0064,P0062,4,2024-01-13,58.0
O000797,C0106,P0143,4,2024-11-07,102.52
O000798,C0189,P0019,2,2023-11-30,43.94
O000799,C0157,P0135,1,2024-12-22,90.89
O000800,C0076,P0023,1,2023-11-05,15.37
O000801,C0173,P0040,2,2024-07-15,44.8
O000802,C0124,P0032,1,2024-11-09,10.61
O000803,C0169,P0034,1,2024-11-06,94.21
O000804,C0197,P0079,1,2024-12-22,18.32
O000805,C0163,P0010,1,2025-01-12,41.94
O000806,C0148,P0091,1,2025-02-23,8.82
O000807,C0184,P0022,3,2025-01-30,28.53
O000808,C0112,P0086,1,2024-11-10,16.8
O000809,C0152,P0064,2,2023-12-05,36.48
O000810,C0001,P0000,2,2023-11-15,36.64
O000811,C0094,P0128,2,2025-03-27,128.28
O000812,C0152,P0081,1,2023-12-11,64.66
O000813,C0128,P0025,1,2024-11-27,23.27
O000814,C0180,P0139,3,2023-02-05,55.68
O000815,C0181,P0027,2,2024-08-10,23.36
O000816,C0097,P0002,4,2023-03-02,
O000817,C0188,P0170,1,2025-08-14,31.81
O000818,C0199,P0194,1,2023-07-03,35.08
O000819,C0169,P0041,2,2025-07-23,17.8
O000820,C0109,P0192,2,2024-11-25,146.5
O000821,C0136,P0101,1,2025-01-14,5.96
O000822,C0141,P0116,1,2024-11-28,66.55
O000823,C0042,P0188,1,2024-08-14,29.3
O000824,C0192,P0184,3,2050-01-01,203.85
O000825,C0027,P0103,2,2024-11-25,32.64
O000826,C0110,P0193,1,2024-11-26,74.2
O000827,C0122,P0008,2,2023-07-03,130.68
O000828,C0152,P0132,2,2024-03-20,25.08
O000829,C0031,P0057,2,2023-09-04,15.56
O000830,C0168,P0111,4,2025-02-02,61.04
O000831,C0023,P0006,2,2025-03-07,20.18
O000832,C0168,P0161,1,2024-03-31,18.76
O000833,C0165,P0117,2,2024-11-15,107.68
O000834,C0147,P0190,4,2024-05-06,53.24
O000835,C0099,P0091,1,2024-05-10,8.82
O000836,C0026,P0100,1,2023-11-30,8.43
O000837,C0138,P0000,2,2025-03-13,36.64
O000838,C0138,P0010,4,2024-12-31,167.76
O000839,C0169,P0134,4,2025-07-08,69.44
O000840,C0011,P0000,1,2023-05-12,18.32
O000841,C0193,P0088,1,2023-12-12,
O000842,C0169,P0068,1,2023-12-22,53.61
O000843,C0178,P0064,1,2023-11-17,18.24
O000844,C0131,P0071,1,2023-08-03,49.38
O000845,C0049,P0127,1,2023-05-26,56.11
O000846,C0056,P0115,2,2024-08-28,70.2
O000847,C0141,P0032,1,2023-09-19,10.61
O000848,C0022,P0130,3,2025-08-25,79.35
O000849,C0053,P0075,3,2023-03-14,125.43
O000850,C0050,P0179,4,2025-01-01,351.24
O000851,C0042,P0118,4,2024-03-05,44.76
O000852,C0007,P0094,1,2025-09-14,29.72
O000853,C0176,P0071,1,2024-07-15,49.38
O000854,C0086,P0158,1,2025-03-07,
O000855,C0026,P0096,1,2024-01-22,25.42
O000856,C0032,P0024,2,2023-06-29,37.38
O000857,C0126,P0104,4,2023-04-08,105.24
O000858,C0070,P0181,2,2023-11-11,35.02
O000859,C0190,P0146,2,2024-11-25,12.26
O000860,C0104,P0145,3,2024-05-03,
O000861,C0040,P0040,3,2024-12-02,67.2
O000862,C0182,P0132,2,2025-03-07,25.08
O000863,C0120,P0114,2,2024-05-29,109.06
O000864,C0059,P0031,1,2023-11-09,33.06
O000865,C0081,P0098,1,2023-11-24,21.73
O000866,C0015,P0067,2,2023-03-28,19.12
O000867,C0003,P0077,3,2025-09-12,147.78
O000868,C0128,P0025,2,2024-06-11,46.54
O000869,C0104,P0042,3,2023-01-15,76.53
O000870,,P0013,1,2024-03-11,58.59
O000871,C0170,P0025,2,2025-08-31,46.54
O000872,C0011,P0008,4,2024-09-13,261.36
O000873,C0058,P0029,2,2023-12-02,63.86
O000874,C0029,P0068,2,2023-12-13,107.22
O000875,C0031,P0056,1,2023-10-25,81.48
O000876,,P0177,1,2024-10-08,40.23
O000877,C0165,P0118,2,2024-06-11,22.38
O000878,C0125,P0197,1,2023-02-28,43.83
O000879,C0028,P0003,2,2023-01-06,89.0
O000880,C0026,P0150,2,2024-03-17,29.6
O000881,C0106,P0042,4,2050-01-01,102.04
O000882,C0058,P0177,2,2024-04-26,80.46
O000883,C0138,P0105,3,2025-04-11,229.32
O000884,C0042,P0131,1,2023-05-24,21.21
O000885,C0182,P0063,3,2024-11-05,173.82
O000886,C0009,P0032,3,2023-06-14,31.83
O000887,C0031,P0018,3,2024-03-07,81.96
O000888,C0084,P0113,2,2025-02-08,169.3
O000889,C0190,P0047,1,2025-05-13,16.21
O000890,C0033,P0198,3,2023-06-09,219.66
O000891,C0174,P0166,3,2025-04-29,177.33
O000892,,P0186,4,2024-05-06,149.44
O000893,C0159,P0183,1,2023-06-06,82.59
O000894,C0068,P0064,4,2024-11-16,72.96
O000895,C0187,P0094,4,2024-05-29,118.88
O000896,C0163,P0151,1,2023-12-02,76.67
O000897,C0110,P0122,1,2023-01-19,72.93
O000898,C0135,P0170,1,2023-11-10,31.81
O000899,C0123,P0040,1,2023-03-04,22.4
O000900,C0094,P0031,1,2023-10-15,33.06
O000901,C0013,P0152,1,2023-12-07,13.22
O000902,C0026,P0112,1,2024-12-11,10.27
O000903,C0175,P0014,1,2024-07-19,12.16
O000904,C0093,P0070,1,2025-01-30,135.02
O000905,C0071,P0020,1,2023-08-04,15.33
O000906,C0191,P0055,1,2024-09-08,32.33
O000907,C0140,P0019,4,2024-09-25,87.88
O000908,C0185,P0057,4,2023-12-18,31.12
O000909,C0144,P0057,3,2025-09-25,23.34
O000910,C0112,P0185,2,2023-03-11,27.9
O000911,C0043,P0200,1,2024-09-05,50.41
O000912,C0145,P0068,3,2023-03-04,160.83
O000913,C0127,P0123,1,2024-12-02,16.48
O000914,C0193,P0194,2,2024-06-05,70.16
O000915,C0053,P0120,4,2023-07-08,113.0
O000916,C0129,P0022,4,2024-12-25,38.04
O000917,C0182,P0057,1,2023-10-02,7.78
O000918,C0075,P0047,1,2023-02-10,16.21
O000919,C0070,P0192,1,2025-06-13,73.25
O000920,C0054,P0115,1,2024-07-01,35.1
O000921,C0181,P0137,2,2025-06-24,53.88
O000922,C0076,P0169,1,2023-11-29,6.25
O000923,C0057,P0136,1,2025-01-18,16.71
O000924,C0200,P0166,3,2025-08-19,177.33
O000925,C0168,P0101,2,2023-09-21,11.92
O000926,C0114,P0193,3,2023-08-14,222.6
O000927,C0193,P0142,2,2023-12-12,27.4
O000928,C0047,P0117,3,2023-11-19,161.52
O000929,C0073,P0185,4,2023-01-22,55.8
O000930,C0156,P0013,3,2023-12-08,175.77
O000931,C0026,P0037,4,2025-01-11,63.6
O000932,,P0077,4,2023-04-13,197.04
O000933,,P0149,1,2025-04-30,
O000934,C0069,P0180,4,2023-05-27,37.76
O000935,C0028,P0108,3,2024-07-09,141.78
O000936,C0036,P0109,4,2024-05-06,51.16
O000937,C0085,P0002,1,2023-12-21,
O000938,C0027,P0034,4,2024-07-11,376.84
O000939,C0001,P0046,3,2023-12-13,112.77
O000940,C0176,P0029,1,2024-01-29,31.93
O000941,C0029,P0003,1,2024-12-03,44.5
O000942,C0022,P0173,2,2023-11-14,53.06
O000943,C0109,P0085,2,2023-06-03,32.34
O000944,C0090,P0115,3,2024-12-09,105.3
O000945,,P0052,4,2023-01-03,199.08
O000946,C0082,P0072,4,2023-06-01,46.6
O000947,C0018,P0037,1,2023-04-26,15.9
O000948,C0083,P0153,2,2024-12-11,19.4
O000949,C0106,P0169,4,2024-09-08,25.0
O000950,C0063,P0182,2,2024-01-28,17.22
O000951,C0138,P0079,3,2023-12-17,54.96
O000952,C0057,P0198,1,2024-11-07,73.22
O000953,C0122,P0083,4,2023-11-12,68.2
O000954,C0036,P0162,2,2023-10-29,70.04
O000955,C0108,P0189,3,2023-11-24,82.89
O000956,C0097,P0183,3,2024-12-02,247.77
O000957,C0123,P0064,1,2025-05-07,18.24
O000958,C0021,P0007,2,2023-09-08,13.6
O000959,C0192,P0061,2,2024-06-24,39.52
O000960,C0114,P0096,1,2025-03-11,25.42
O000961,C0165,P0075,1,2023-02-02,41.81
O000962,,P0008,2,2025-05-02,130.68
O000963,C0067,P0138,1,2025-07-30,41.42
O000964,C0041,P0083,1,2023-10-06,17.05
O000965,C0103,P0097,2,2024-11-27,54.38
O000966,C0020,P0167,3,2025-04-16,49.8
O000967,C0098,P0077,1,2024-12-07,49.26
O000968,C0155,P0195,1,2025-03-08,17.42
O000969,C0028,P0011,3,2023-12-07,16.86
O000970,C0062,P0114,2,2023-10-03,109.06
O000971,C0081,P0164,1,2050-01-01,28.02
O000972,C0102,P0167,1,2024-12-05,16.6
O000973,C0190,P0187,2,2023-11-19,111.96
O000974,C0010,P0040,1,2023-10-25,22.4
O000975,C0060,P0143,2,2025-06-24,51.26
O000976,C0187,P0058,1,2024-09-15,11.54
O000977,C0034,P0157,2,2023-12-14,76.9
O000978,C0183,P0187,2,2025-03-03,111.96
O000979,C0040,P0100,4,2024-08-03,33.72
O000980,,P0192,4,2025-02-23,293.0
O000981,C0023,P0070,1,2024-11-10,135.02
O000982,C0091,P0062,1,2023-04-02,14.5
O000983,C0114,P0161,2,2024-10-27,37.52
O000984,C0094,P0052,2,2025-05-29,99.54
O000985,C0034,P0029,1,2024-03-27,31.93
O000986,C0175,P0049,3,2024-02-28,86.22
O000987,C0165,P0088,4,2023-02-28,
O000988,C0040,P0055,1,2024-11-19,32.33
O000989,C0119,P0023,4,2024-12-21,61.48
O000990,C0022,P0090,2,2023-07-04,48.34
O000991,C0052,P0158,2,2024-02-16,
O000992,C0180,P0020,1,2025-01-29,15.33
O000993,C0121,P0020,1,2023-05-30,15.33
O000994,C0199,P0001,1,2024-12-16,19.08
O000995,C0195,P0083,1,2024-12-01,17.05
O000996,C0018,P0143,3,2023-10-08,76.89
O000997,C0108,P0119,2,2024-11-27,143.84
O000998,C0193,P0139,3,2024-12-16,55.68
O000999,C0179,P0095,2,2024-03-23,98.44
O001000,C0144,P0145,3,2025-03-12,
O001001,C0158,P0189,3,2023-05-29,82.89
O001002,C0189,P0194,2,2025-01-20,70.16
O001003,C0128,P0152,3,2025-06-04,39.66
O001004,C0134,P0126,2,2024-11-21,43.42
O001005,C0056,P0051,2,2025-02-02,219.56
O001006,C0154,P0030,1,2023-11-22,6.43
O001007,C0094,P0036,4,2023-01-17,218.28
O001008,C0180,P0134,2,2024-05-26,34.72
O001009,C0139,P0102,1,2024-03-12,35.35
O001010,C0118,P0087,1,2024-03-14,44.24
O001011,C0098,P0069,2,2023-10-19,14.64
O001012,C0180,P0168,1,2024-09-27,11.19
O001013,C0027,P0110,2,2023-04-02,14.8
O001014,C0192,P0077,3,2025-02-08,147.78
O001015,C0149,P0029,2,2024-12-07,63.86
O001016,C0030,P0107,1,2023-07-20,20.85
O001017,C0119,P0063,4,2024-02-27,231.76
O001018,C0002,P0072,1,2025-08-20,11.65
O001019,C0169,P0157,2,2023-09-28,76.9
O001020,C0002,P0108,1,2025-07-10,47.26
O001021,C0096,P0153,2,2025-05-10,19.4
O001022,C0044,P0074,2,2025-09-09,111.4
O001023,C0050,P0011,4,2024-09-23,22.48
O001024,C0110,P0093,3,2023-05-12,143.73
O001025,C0082,P0088,2,2023-11-23,
O001026,C0148,P0187,1,2025-03-14,55.98
O001027,C0041,P0154,1,2025-08-29,25.17
O001028,C0161,P0115,3,2025-02-27,105.3
O001029,C0021,P0155,1,2024-08-08,132.32
O001030,C0163,P0008,3,2024-10-08,196.02
O001031,C0077,P0194,4,2023-07-18,140.32
O001032,C0097,P0032,1,2025-02-27,10.61
O001033,C0161,P0189,1,2023-01-24,27.63
O001034,C0153,P0141,2,2024-12-06,206.92
O001035,C0054,P0077,3,2023-12-03,147.78
O001036,C0176,P0073,2,2024-03-05,10.34
O001037,C0047,P0141,1,2023-11-04,103.46
O001038,C0158,P0000,3,2024-09-06,54.96
O001039,C0032,P0139,2,2023-07-17,37.12
O001040,C0040,P0139,1,2023-08-10,18.56
O001041,,P0172,1,2023-05-22,5.5
O001042,C0090,P0109,3,2024-12-26,38.37
O001043,C0112,P0035,1,2024-06-08,106.12
O001044,C0176,P0113,2,2025-05-16,169.3
O001045,C0197,P0158,3,2024-08-24,
O001046,C0115,P0083,1,2024-03-09,17.05
O001047,C0156,P0067,1,2024-01-28,9.56
O001048,C0017,P0164,2,2023-12-19,56.04
O001049,C0166,P0155,1,2025-08-31,132.32
O001050,C0083,P0082,1,2024-03-15,34.29
O001051,C0096,P0029,1,2024-11-01,31.93
O001052,C0055,P0085,1,2024-04-21,16.17
O001053,C0099,P0041,1,2023-10-18,8.9
O001054,C0184,P0147,3,2024-09-14,99.63
O001055,C0166,P0037,4,2024-03-07,63.6
O001056,C0051,P0181,1,2023-02-20,17.51
O001057,C0032,P0154,1,2024-12-08,25.17
O001058,,P0144,2,2025-03-13,31.48
O001059,C0104,P0151,1,2023-02-07,76.67
O001060,C0005,P0052,2,2023-03-13,99.54
O001061,C0071,P0139,2,2023-11-21,37.12
O001062,C0127,P0132,1,2024-12-16,12.54
O001063,C0159,P0063,1,2023-11-05,57.94
O001064,C0186,P0081,1,2023-11-24,64.66
O001065,C0138,P0007,1,2025-10-10,6.8
O001066,C0078,P0110,4,2023-03-18,29.6
O001067,C0070,P0134,4,2023-12-04,69.44
O001068,C0150,P0131,3,2025-06-28,63.63
O001069,C0032,P0048,3,2024-06-18,81.06
O001070,C0072,P0187,1,2023-11-26,55.98
O001071,C0076,P0193,4,2024-12-29,296.8
O001072,C0020,P0171,1,2023-03-18,38.96
O001073,C0120,P0123,1,2025-04-18,16.48
O001074,C0152,P0166,4,2025-02-18,236.44
O001075,C0182,P0147,1,2024-04-09,33.21
O001076,C0057,P0057,4,2025-07-27,31.12
O001077,C0052,P0129,2,2025-03-09,10.42
O001078,C0079,P0169,1,2025-09-01,6.25
O001079,C0028,P0157,2,2023-12-06,76.9
O001080,C0116,P0030,1,2023-12-27,6.43
O001081,C0055,P0067,1,2023-06-04,9.56
O001082,C0070,P0059,1,2024-01-14,6.39
O001083,C0104,P0029,2,2023-06-30,63.86
O001084,C0028,P0030,1,2023-11-08,6.43
O001085,C0062,P0072,2,2023-03-09,23.3
O001086,C0104,P0125,4,2024-02-06,51.04
O001087,C0069,P0119,2,2023-12-21,143.84
O001088,C0001,P0015,3,2023-04-07,33.06
O001089,C0081,P0056,1,2023-12-15,81.48
O001090,C0110,P0071,4,2024-11-06,197.52
O001091,,P0024,2,2023-12-27,37.38
O001092,C0121,P0158,2,2023-12-27,
O001093,C0038,P0194,1,2024-12-15,35.08
O001094,C0066,P0116,1,2024-11-10,66.55
O001095,C0078,P0142,3,2024-12-28,41.1
O001096,C0153,P0135,4,2024-05-10,363.56
O001097,C0037,P0083,3,2024-01-01,51.15
O001098,C0111,P0043,1,2023-11-13,6.05
O001099,C0174,P0036,2,2024-07-11,109.14
O001100,C0174,P0024,2,2023-12-24,37.38
O001101,C0071,P0067,2,2023-11-13,19.12
O001102,C0146,P0030,1,2025-09-18,6.43
O001103,C0128,P0198,1,2025-08-07,73.22
O001104,C0075,P0173,2,2024-09-30,53.06
O001105,C0076,P0043,4,2023-01-16,24.2
O001106,C0014,P0032,3,2024-05-15,31.83
O001107,C0013,P0191,1,2024-11-03,7.93
O001108,C0051,P0139,1,2024-03-18,18.56
O001109,C0091,P0124,2,2023-09-12,17.0
O001110,C0026,P0131,1,2025-07-03,21.21
O001111,C0112,P0082,1,2024-11-26,34.29
O001112,C0052,P0019,1,2023-09-14,21.97
O001113,C0161,P0066,4,2024-04-17,113.88
O001114,C0036,P0128,3,2024-06-23,192.42
O001115,C0120,P0052,2,2023-12-29,99.54
O001116,C0144,P0039,4,2023-01-28,158.32
O001117,C0078,P0161,2,2025-03-16,37.52
O001118,C0014,P0056,3,2025-02-12,244.44
O001119,,P0193,4,2025-04-06,296.8
O001120,C0015,P0190,1,2023-10-04,13.31
O001121,C0075,P0179,1,2024-08-02,87.81
O001122,C0150,P0046,3,2024-11-21,112.77
O001123,C0037,P0096,1,2024-07-29,25.42
O001124,C0164,P0114,1,2025-05-22,54.53
O001125,C0160,P0135,1,2023-11-05,90.89
O001126,C0064,P0110,1,2023-12-13,7.4
O001127,C0124,P0183,2,2023-12-27,165.18
O001128,C0158,P0084,1,2023-05-07,6.97
O001129,C0191,P0192,1,2024-11-04,73.25
O001130,C0151,P0162,2,2024-05-19,70.04
O001131,C0028,P0160,1,2024-04-20,44.08
O001132,C0031,P0174,1,2024-07-31,12.7
O001133,C0169,P0005,1,2024-09-26,10.09
O001134,C0120,P0075,1,2025-06-22,41.81
O001135,C0129,P0077,2,2023-08-04,98.52
O001136,C0045,P0090,4,2024-11-02,96.68
O001137,C0200,P0119,1,2025-02-19,71.92
O001138,C0166,P0075,3,2024-05-10,125.43
O001139,C0182,P0023,1,2025-08-07,15.37
O001140,C0083,P0044,2,2024-08-25,154.02
O001141,C0018,P0170,1,2023-02-16,31.81
O001142,C0174,P0028,4,2024-05-02,106.64
O001143,C0188,P0187,1,2023-12-25,55.98
O001144,C0065,P0135,2,2023-04-28,181.78
O001145,C0008,P0146,3,2023-12-13,18.39
O001146,C0052,P0113,1,2023-07-20,84.65
O001147,C0190,P0041,4,2023-06-15,35.6
O001148,C0150,P0079,1,2023-01-25,18.32
O001149,C0036,P0073,3,2024-11-11,15.51
O001150,C0187,P0016,1,2024-10-19,11.08
O001151,C0122,P0065,2,2024-05-27,29.78
O001152,C0018,P0119,1,2024-03-25,71.92
O001153,C0033,P0121,2,2025-03-12,108.84
O001154,C0154,P0194,1,2024-07-07,35.08
O001155,C0065,P0032,4,2024-02-04,42.44
O001156,C0074,P0008,2,2023-03-18,130.68
O001157,C0129,P0115,3,2023-11-16,105.3
O001158,C0150,P0119,3,2024-04-27,215.76
O001159,,P0183,4,2023-12-13,330.36
O001160,C0053,P0195,4,2024-07-14,69.68
O001161,C0016,P0103,2,2023-08-30,32.64
O001162,C0180,P0129,1,2025-05-05,5.21
O001163,C0154,P0016,2,2025-01-27,22.16
O001164,C0034,P0010,2,2023-10-05,83.88
O001165,C0167,P0186,4,2023-12-25,149.44
O001166,C0059,P0093,4,2023-01-22,191.64
O001167,C0137,P0048,3,2024-09-14,81.06
O001168,,P0170,2,2024-11-14,63.62
O001169,C0113,P0093,1,2023-05-01,47.91
O001170,C0088,P0186,1,2024-03-23,37.36
O001171,C0059,P0119,4,2024-02-27,287.68
O001172,C0012,P0096,1,2025-04-01,25.42
O001173,C0047,P0093,2,2024-11-10,95.82
O001174,C0032,P0191,4,2024-11-16,31.72
O001175,C0057,P0020,4,2024-03-30,61.32
O001176,C0168,P0046,3,2023-09-08,112.77
O001177,C0027,P0159,2,2023-02-25,26.28
O001178,C0021,P0180,2,2023-07-28,18.88
O001179,C0190,P0003,3,2024-11-02,133.5
O001180,C0196,P0148,4,2024-04-09,103.84
O001181,C0072,P0119,1,2024-08-25,71.92
O001182,C0157,P0094,2,2024-01-29,59.44
O001183,C0058,P0113,2,2023-07-30,169.3
O001184,C0079,P0171,1,2023-02-02,38.96
O001185,C0194,P0164,1,2025-07-03,28.02
O001186,C0152,P0137,4,2023-08-10,107.76
O001187,C0110,P0136,1,2025-03-12,16.71
O001188,C0142,P0101,1,2024-02-02,5.96
O001189,C0137,P0187,4,2024-04-19,223.92
O001190,C0042,P0044,1,2025-09-10,77.01
O001191,C0004,P0181,1,2023-10-15,17.51
O001192,C0198,P0051,1,2024-07-09,109.78
O001193,C0093,P0031,4,2023-10-03,132.24
O001194,C0004,P0042,4,2023-05-08,102.04
O001195,C0046,P0150,2,2024-03-30,29.6
O001196,C0092,P0051,2,2024-05-06,219.56
O001197,C0021,P0086,1,2023-10-11,16.8
O001198,C0067,P0194,2,2025-02-23,70.16
O001199,C0162,P0112,1,2023-06-28,10.27
O001200,C0130,P0060,2,2025-05-31,33.62
O001201,C0016,P0090,1,2025-09-01,24.17
O001202,,P0103,3,2025-05-15,48.96
O001203,C0061,P0161,1,2023-12-25,18.76
O001204,C0147,P0028,1,2024-01-16,26.66
O001205,C0073,P0049,3,2023-05-27,86.22
O001206,C0076,P0011,2,2024-11-10,11.24
O001207,,P0012,2,2024-12-07,220.22
O001208,C0186,P0057,1,2023-06-03,7.78
O001209,C0058,P0185,2,2024-08-01,27.9
O001210,C0138,P0014,2,2025-01-20,24.32
O001211,C0082,P0074,4,2023-10-03,222.8
O001212,C0093,P0123,1,2023-08-25,16.48
O001213,C0114,P0062,1,2025-01-20,14.5
O001214,C0130,P0136,2,2023-03-20,33.42
O001215,,P0148,3,2023-11-25,77.88
O001216,C0036,P0060,1,2024-09-12,16.81
O001217,C0105,P0135,2,2024-03-07,181.78
O001218,C0198,P0171,1,2023-07-22,38.96
O001219,C0108,P0004,2,2023-09-27,64.78
O001220,C0033,P0011,1,2024-11-23,5.62
O001221,C0136,P0182,1,2025-07-29,8.61
O001222,C0143,P0031,4,2023-09-05,132.24
O001223,C0152,P0050,1,2024-09-15,11.13
O001224,C0091,P0152,2,2025-08-30,26.44
O001225,C0112,P0089,3,2023-10-24,211.41
O001226,C0197,P0136,1,2024-08-26,16.71
O001227,C0002,P0124,2,2024-08-30,17.0
O001228,C0113,P0161,4,2023-06-30,75.04
O001229,C0077,P0001,2,2024-05-20,38.16
O001230,C0110,P0095,1,2023-10-20,49.22
O001231,C0011,P0124,3,2025-04-13,25.5
O001232,C0133,P0015,1,2023-10-12,11.02
O001233,C0043,P0039,1,2023-05-02,39.58
O001234,C0074,P0052,4,2025-08-19,199.08
O001235,C0060,P0053,2,2024-11-13,178.3
O001236,C0194,P0095,4,2023-11-01,196.88
O001237,,P0097,2,2023-07-28,54.38
O001238,C0134,P0189,1,2023-05-10,27.63
O001239,C0031,P0048,1,2024-03-31,27.02
O001240,C0072,P0001,4,2025-01-19,76.32
O001241,C0057,P0102,3,2023-12-09,106.05
O001242,C0199,P0197,1,2023-03-17,43.83
O001243,C0181,P0146,2,2025-03-24,12.26
O001244,C0161,P0028,1,2023-02-06,26.66
O001245,C0097,P0128,1,2025-06-12,64.14
O001246,C0125,P0157,1,2024-12-05,38.45
O001247,C0186,P0125,1,2024-11-16,12.76
O001248,C0010,P0151,3,2024-03-04,230.01
O001249,C0164,P0075,1,2023-12-24,41.81
O001250,C0060,P0057,4,2025-06-15,31.12
O001251,C0154,P0184,1,2024-01-01,67.95
O001252,C0194,P0184,1,2025-02-21,67.95
O001253,C0109,P0049,3,2024-11-12,86.22
O001254,C0124,P0069,2,2025-05-10,14.64
O001255,C0008,P0171,4,2023-10-25,155.84
O001256,C0016,P0026,1,2024-07-29,51.14
O001257,C0114,P0157,1,2024-03-11,38.45
O001258,C0057,P0115,2,2023-12-14,70.2
O001259,C0147,P0144,1,2023-11-20,15.74
O001260,C0006,P0097,1,2025-08-31,27.19
O001261,C0086,P0135,1,2025-07-23,90.89
O001262,C0133,P0131,1,2023-08-04,21.21
O001263,C0102,P0146,1,2025-05-30,6.13
O001264,C0085,P0181,1,2024-02-28,17.51
O001265,C0135,P0088,1,2023-04-15,
O001266,C0078,P0050,1,2023-01-25,11.13
O001267,C0097,P0019,1,2024-11-02,21.97
O001268,C0020,P0191,3,2023-03-17,23.79
O001269,C0004,P0101,1,2025-01-30,5.96
O001270,C0151,P0172,4,2025-03-22,22.0
O001271,C0083,P0054,1,2024-03-11,72.56
O001272,C0026,P0038,2,2023-09-28,16.16
O001273,C0024,P0077,2,2023-08-16,98.52
O001274,C0180,P0038,2,2024-06-30,16.16
O001275,C0096,P0000,1,2025-02-20,18.32
O001276,C0007,P0111,2,2024-02-11,30.52
O001277,C0165,P0101,1,2023-11-15,5.96
O001278,C0044,P0086,1,2023-08-01,16.8
O001279,C0104,P0033,4,2024-09-23,28.08
O001280,C0060,P0094,1,2023-03-02,29.72
O001281,C0039,P0107,2,2023-02-07,41.7
O001282,C0069,P0041,3,2024-12-07,26.7
O001283,C0119,P0039,3,2024-12-26,118.74
O001284,C0021,P0197,1,2025-08-01,43.83
O001285,C0192,P0068,2,2024-11-02,107.22
O001286,C0135,P0003,1,2050-01-01,44.5
O001287,C0076,P0145,2,2025-01-07,
O001288,C0096,P0054,2,2024-07-31,145.12
O001289,C0158,P0159,1,2025-09-01,13.14
O001290,C0054,P0111,4,2025-08-16,61.04
O001291,C0043,P0195,1,2024-06-20,17.42
O001292,C0039,P0119,3,2023-12-23,215.76
O001293,C0118,P0125,1,2023-12-05,12.76
O001294,C0058,P0064,1,2023-12-20,18.24
O001295,C0110,P0094,4,2024-08-21,118.88
O001296,C0066,P0084,1,2024-07-28,6.97
O001297,C0027,P0186,4,2023-12-19,149.44
O001298,C0166,P0031,4,2025-02-23,132.24
O001299,C0071,P0007,3,2025-09-16,20.4
O001300,C0054,P0049,2,2023-11-03,57.48
O001301,C0043,P0105,1,2024-05-01,76.44
O001302,C0113,P0146,2,2024-03-11,12.26
O001303,C0062,P0178,3,2024-07-27,59.01
O001304,C0080,P0116,2,2025-05-08,133.1
O001305,C0043,P0146,1,2025-08-26,6.13
O001306,C0144,P0037,3,2024-03-28,47.7
O001307,C0112,P0105,1,2024-10-29,76.44
O001308,C0198,P0171,2,2024-11-17,77.92
O001309,C0049,P0162,1,2024-01-27,35.02
O001310,C0093,P0045,1,2024-06-22,13.98
O001311,C0129,P0025,2,2024-11-21,46.54
O001312,C0179,P0144,2,2024-12-22,31.48
O001313,C0184,P0053,2,2025-08-07,178.3
O001314,C0122,P0013,4,2025-02-06,234.36
O001315,C0095,P0074,3,2023-01-30,167.1
O001316,C0034,P0079,1,2023-03-26,18.32
O001317,C0182,P0141,1,2023-03-05,103.46
O001318,C0050,P0045,4,2024-11-01,55.92
O001319,C0082,P0015,2,2025-07-08,22.04
O001320,C0094,P0026,3,2024-06-12,153.42
O001321,C0050,P0129,1,2025-04-24,5.21
O001322,C0114,P0093,2,2023-02-15,95.82
O001323,C0163,P0066,1,2025-02-03,28.47
O001324,C0090,P0101,3,2023-05-01,17.88
O001325,C0119,P0169,1,2023-11-24,6.25
O001326,C0006,P0149,1,2023-11-21,
O001327,C0064,P0005,4,2023-11-12,40.36
O001328,C0194,P0009,1,2023-12-23,32.57
O001329,C0081,P0144,1,2023-12-07,15.74
O001330,C0113,P0122,2,2024-12-12,145.86
O001331,C0162,P0157,4,2024-12-04,153.8
O001332,C0040,P0187,2,2024-07-04,111.96
O001333,C0175,P0122,2,2025-03-26,145.86
O001334,C0191,P0121,1,2025-03-24,54.42
O001335,C0120,P0066,2,2023-11-16,56.94
O001336,C0145,P0006,1,2024-01-22,10.09
O001337,C0162,P0164,2,2050-01-01,56.04
O001338,C0087,P0156,1,2024-10-25,13.31
O001339,C0120,P0056,2,2023-12-26,162.96
O001340,C0112,P0091,1,2025-01-18,8.82
O001341,C0154,P0061,1,2023-12-12,19.76
O001342,C0060,P0020,1,2025-02-20,15.33
O001343,C0199,P0061,1,2023-10-03,19.76
O001344,C0043,P0082,3,2025-08-02,102.87
O001345,C0051,P0139,1,2025-09-01,18.56
O001346,,P0112,4,2023-12-26,41.08
O001347,C0102,P0108,1,2023-06-19,47.26
O001348,C0078,P0000,1,2023-11-14,18.32
O001349,C0143,P0177,1,2050-01-01,40.23
O001350,C0121,P0052,2,2024-07-17,99.54
O001351,C0119,P0005,1,2023-12-05,10.09
O001352,C0084,P0019,4,2025-07-08,87.88
O001353,C0101,P0138,1,2024-11-08,41.42
O001354,C0095,P0094,2,2024-01-06,59.44
O001355,C0102,P0096,1,2023-11-16,25.42
O001356,C0024,P0005,1,2023-12-14,10.09
O001357,C0100,P0134,2,2024-11-22,34.72
O001358,C0102,P0145,4,2024-11-29,
O001359,C0176,P0191,2,2024-11-06,15.86
O001360,C0176,P0040,1,2024-04-10,22.4
O001361,C0190,P0097,1,2024-12-25,27.19
O001362,C0094,P0015,2,2023-04-25,22.04
O001363,C0173,P0063,2,2024-12-07,115.88
O001364,C0117,P0100,2,2024-11-04,16.86
O001365,C0154,P0038,3,2024-12-03,24.24
O001366,C0007,P0191,2,2024-07-09,15.86
O001367,,P0156,1,2023-11-29,13.31
O001368,C0010,P0066,1,2024-06-28,28.47
O001369,C0033,P0029,2,2024-12-09,63.86
O001370,C0063,P0196,3,2025-07-29,53.67
O001371,C0146,P0118,3,2024-12-02,33.57
O001372,C0026,P0084,1,2024-01-27,6.97
O001373,C0192,P0170,3,2023-11-06,95.43
O001374,C0168,P0134,2,2025-01-30,34.72
O001375,C0050,P0044,2,2024-08-07,154.02
O001376,C0063,P0179,2,2024-12-11,175.62
O001377,C0112,P0036,1,2023-10-09,54.57
O001378,C0012,P0121,1,2024-09-11,54.42
O001379,C0105,P0083,2,2024-11-09,34.1
O001380,C0163,P0048,1,2023-11-23,27.02
O001381,C0187,P0076,2,2024-12-30,88.34
O001382,C0085,P0179,1,2024-07-08,87.81
O001383,C0082,P0005,4,2023-12-21,40.36
O001384,C0054,P0110,1,2024-06-29,7.4
O001385,C0170,P0200,2,2025-05-22,100.82
O001386,C0089,P0101,1,2023-03-27,5.96
O001387,C0120,P0099,2,2023-01-31,11.54
O001388,C0196,P0190,3,2023-01-24,39.93
O001389,C0061,P0131,2,2024-01-20,42.42
O001390,C0032,P0111,1,2023-04-10,15.26
O001391,C0046,P0186,4,2025-06-04,149.44
O001392,C0154,P0041,1,2023-10-13,8.9
O001393,C0176,P0036,2,2025-09-10,109.14
O001394,C0101,P0062,2,2023-08-19,29.0
O001395,C0116,P0185,1,2023-06-10,13.95
O001396,,P0130,1,2025-04-29,26.45
O001397,C0026,P0151,2,2024-01-28,153.34
O001398,C0163,P0051,2,2023-01-30,219.56
O001399,C0021,P0094,1,2024-09-05,29.72
O001400,C0064,P0073,1,2023-06-20,5.17
O000001,C0039,P0107,2,2023-02-07,41.7
